FLORIDA DEPARTMENT OF STATE,,,,,,,,,,
DIVISION OF ELECTIONS,,,,,,,,,,
2022 General Election,,,,,,,,,,
Active Registered Voters by Party and Race,,,,,,,,,,
" Book Closing: October 11, 2022",,,,,,,,,,
"Statistics Generated: October 20, 2022 at 9:00 PM",,,,,,,,,,
,,,,,,,,,,
Party Name,County Name,American Indian or Alaskan Native,Asian or Pacific Islander,"Black, Not Hispanic",Hispanic,"White, Not Hispanic",Other,Multi-Racial,Unknown,Total
Republican Party of Florida                                        ,Alachua                  ,168,"1,071",968,"2,720","42,176","1,039",180,326,"48,648"
Republican Party of Florida                                        ,Baker                    ,57,56,72,130,"10,636",84,19,82,"11,136"
Republican Party of Florida                                        ,Bay                      ,311,945,581,"1,294","62,423",570,123,929,"67,176"
Republican Party of Florida                                        ,Bradford                 ,35,39,95,113,"9,652",70,19,61,"10,084"
Republican Party of Florida                                        ,Brevard                  ,701,"3,070","1,983","8,660","176,889","2,262",506,"1,935","196,006"
Republican Party of Florida                                        ,Broward                  ,727,"5,682","9,301","66,533","170,907","7,390","1,043","4,470","266,053"
Republican Party of Florida                                        ,Calhoun                  ,37,12,20,43,"3,724",22,17,52,"3,927"
Republican Party of Florida                                        ,Charlotte                ,237,705,370,"1,904","68,393",681,72,580,"72,942"
Republican Party of Florida                                        ,Citrus                   ,224,590,255,"1,474","60,927",719,114,462,"64,765"
Republican Party of Florida                                        ,Clay                     ,372,"1,935","1,354","3,369","78,556","1,000",306,"1,033","87,925"
Republican Party of Florida                                        ,Collier                  ,206,"1,122",698,"10,359","115,445","1,464",142,970,"130,406"
Republican Party of Florida                                        ,Columbia                 ,99,149,255,610,"20,863",129,37,181,"22,323"
Republican Party of Florida                                        ,DeSoto                   ,24,36,66,365,"7,055",47,5,36,"7,634"
Republican Party of Florida                                        ,Dixie                    ,30,20,31,86,"5,944",29,16,35,"6,191"
Republican Party of Florida                                        ,Duval                    ,885,"8,203","6,955","10,103","196,599","3,327",792,"3,280","230,144"
Republican Party of Florida                                        ,Escambia                 ,821,"2,542","1,690","1,952","89,540","1,163",277,"1,171","99,156"
Republican Party of Florida                                        ,Flagler                  ,142,610,385,"1,828","39,036",600,72,494,"43,167"
Republican Party of Florida                                        ,Franklin                 ,15,8,13,24,"3,487",12,5,24,"3,588"
Republican Party of Florida                                        ,Gadsden                  ,22,29,231,145,"4,935",50,9,58,"5,479"
Republican Party of Florida                                        ,Gilchrist                ,18,18,26,117,"7,582",48,4,38,"7,851"
Republican Party of Florida                                        ,Glades                   ,50,7,17,232,"3,231",15,10,20,"3,582"
Republican Party of Florida                                        ,Gulf                     ,20,18,37,39,"5,733",31,5,46,"5,929"
Republican Party of Florida                                        ,Hamilton                 ,10,19,68,87,"3,106",22,1,10,"3,323"
Republican Party of Florida                                        ,Hardee                   ,19,28,45,787,"5,680",45,21,58,"6,683"
Republican Party of Florida                                        ,Hendry                   ,42,48,118,"2,024","5,758",102,34,50,"8,176"
Republican Party of Florida                                        ,Hernando                 ,262,543,437,"4,159","59,771",609,156,676,"66,613"
Republican Party of Florida                                        ,Highlands                ,127,301,276,"2,500","29,773",262,43,253,"33,535"
Republican Party of Florida                                        ,Hillsborough             ,871,"6,995","5,685","37,098","229,484","3,534",893,"5,511","290,071"
Republican Party of Florida                                        ,Holmes                   ,47,29,27,43,"7,450",25,9,31,"7,661"
Republican Party of Florida                                        ,Indian River             ,121,386,483,"1,884","53,673",563,69,566,"57,745"
Republican Party of Florida                                        ,Jackson                  ,88,55,191,177,"13,512",106,29,142,"14,300"
Republican Party of Florida                                        ,Jefferson                ,16,13,38,41,"3,880",16,5,18,"4,027"
Republican Party of Florida                                        ,Lafayette                ,4,8,33,74,"3,007",6,12,3,"3,147"
Republican Party of Florida                                        ,Lake                     ,386,"1,305","1,287","7,301","107,770","1,263",306,"1,315","120,933"
Republican Party of Florida                                        ,Lee                      ,529,"2,014","1,606","16,607","200,737","1,550",399,"3,230","226,672"
Republican Party of Florida                                        ,Leon                     ,170,727,"1,308","1,976","48,761",593,191,767,"54,493"
Republican Party of Florida                                        ,Levy                     ,50,59,115,431,"15,759",142,30,110,"16,696"
Republican Party of Florida                                        ,Liberty                  ,17,3,19,25,"1,843",5,7,5,"1,924"
Republican Party of Florida                                        ,Madison                  ,26,18,95,82,"4,475",34,16,64,"4,810"
Republican Party of Florida                                        ,Manatee                  ,376,"1,734",792,"5,015","113,187","1,258",218,"1,455","124,035"
Republican Party of Florida                                        ,Marion                   ,446,"1,149","1,340","7,322","113,634","1,080",256,"1,019","126,246"
Republican Party of Florida                                        ,Martin                   ,130,379,335,"1,915","56,012",438,90,420,"59,719"
Republican Party of Florida                                        ,Miami-Dade               ,426,"2,992","7,297","330,703","79,692","3,515",850,"13,725","439,200"
Republican Party of Florida                                        ,Monroe                   ,113,164,100,"3,155","19,523",149,67,270,"23,541"
Republican Party of Florida                                        ,Nassau                   ,136,263,221,687,"41,923",338,49,332,"43,949"
Republican Party of Florida                                        ,Okaloosa                 ,425,"1,890",963,"2,318","72,971","1,100",265,983,"80,915"
Republican Party of Florida                                        ,Okeechobee               ,51,42,60,689,"10,571",76,29,121,"11,639"
Republican Party of Florida                                        ,Orange                   ,633,"8,685","5,601","35,821","157,807","3,648",861,"5,151","218,207"
Republican Party of Florida                                        ,Osceola                  ,171,"1,314","1,095","18,458","36,253","1,085",284,946,"59,606"
Republican Party of Florida                                        ,Palm Beach               ,702,"4,254","5,160","29,482","238,983","3,753",747,"7,542","290,623"
Republican Party of Florida                                        ,Pasco                    ,582,"2,747","1,335","11,556","147,205","2,104",421,"2,092","168,042"
Republican Party of Florida                                        ,Pinellas                 ,743,"5,177","2,204","8,586","224,012","3,126",519,"2,941","247,308"
Republican Party of Florida                                        ,Polk                     ,530,"1,833","2,464","16,011","149,761","1,347",400,"3,214","175,560"
Republican Party of Florida                                        ,Putnam                   ,135,146,291,551,"23,090",117,43,204,"24,577"
Republican Party of Florida                                        ,Santa Rosa               ,498,"1,341",556,"1,760","80,045","1,021",190,815,"86,226"
Republican Party of Florida                                        ,Sarasota                 ,432,"1,609",644,"4,196","142,162",908,244,"3,739","153,934"
Republican Party of Florida                                        ,Seminole                 ,355,"2,472","1,680","10,959","96,438","2,132",445,"2,169","116,650"
Republican Party of Florida                                        ,St. Johns                ,310,"1,934",742,"3,556","109,130","1,173",229,878,"117,952"
Republican Party of Florida                                        ,St. Lucie                ,252,831,"1,655","7,140","69,072","1,046",228,991,"81,215"
Republican Party of Florida                                        ,Sumter                   ,206,487,196,"1,006","62,821",352,85,"2,326","67,479"
Republican Party of Florida                                        ,Suwannee                 ,63,60,147,460,"15,036",118,22,135,"16,041"
Republican Party of Florida                                        ,Taylor                   ,43,42,38,63,"6,758",26,14,41,"7,025"
Republican Party of Florida                                        ,Union                    ,20,14,32,74,"4,407",19,11,18,"4,595"
Republican Party of Florida                                        ,Volusia                  ,509,"1,484","1,487","8,203","143,741","1,675",349,"1,883","159,331"
Republican Party of Florida                                        ,Wakulla                  ,42,54,79,140,"11,219",34,13,95,"11,676"
Republican Party of Florida                                        ,Walton                   ,174,329,242,615,"35,604",274,55,362,"37,655"
Republican Party of Florida                                        ,Washington               ,77,40,92,74,"9,121",64,19,40,"9,527"
Republican Party of Florida                    ,Total,"16,566","82,884","74,082","697,911","4,248,350","61,605","12,997","82,999","5,277,394"
,,,,,,,,,,
Florida Democratic Party                                            ,Alachua                  ,262,"2,857","24,546","6,299","47,842","2,861",635,"1,077","86,379"
Florida Democratic Party                                            ,Baker                    ,11,25,"1,331",53,"2,401",45,11,44,"3,921"
Florida Democratic Party                                            ,Bay                      ,118,417,"7,406",986,"16,547",437,148,577,"26,636"
Florida Democratic Party                                            ,Bradford                 ,11,27,"1,875",65,"2,842",61,20,36,"4,937"
Florida Democratic Party                                            ,Brevard                  ,446,"2,312","28,086","11,170","83,014","2,785",803,"2,216","130,832"
Florida Democratic Party                                            ,Broward                  ,"1,670","14,171","238,466","113,978","188,090","21,671","5,422","13,986","597,454"
Florida Democratic Party                                            ,Calhoun                  ,27,16,623,22,"2,554",22,10,27,"3,301"
Florida Democratic Party                                            ,Charlotte                ,114,357,"3,762","2,095","27,819",601,160,476,"35,384"
Florida Democratic Party                                            ,Citrus                   ,111,304,"2,034","1,450","21,611",481,90,210,"26,291"
Florida Democratic Party                                            ,Clay                     ,119,871,"12,815","3,114","16,252",676,256,798,"34,901"
Florida Democratic Party                                            ,Collier                  ,111,694,"6,311","10,596","36,502",901,155,834,"56,104"
Florida Democratic Party                                            ,Columbia                 ,44,108,"4,734",402,"6,444",111,40,112,"11,995"
Florida Democratic Party                                            ,DeSoto                   ,12,20,"1,324","1,026","3,469",64,17,33,"5,965"
Florida Democratic Party                                            ,Dixie                    ,10,10,389,37,"2,060",14,9,23,"2,552"
Florida Democratic Party                                            ,Duval                    ,947,"6,051","143,736","14,330","84,246","4,667","1,869","5,957","261,803"
Florida Democratic Party                                            ,Escambia                 ,356,"1,202","34,835","1,691","31,024","1,021",427,"1,279","71,835"
Florida Democratic Party                                            ,Flagler                  ,80,385,"5,911","2,404","16,204",682,141,435,"26,242"
Florida Democratic Party                                            ,Franklin                 ,3,3,469,35,"2,425",10,5,11,"2,961"
Florida Democratic Party                                            ,Gadsden                  ,59,28,"15,508",595,"4,091",186,42,228,"20,737"
Florida Democratic Party                                            ,Gilchrist                ,8,7,177,84,"1,880",17,4,12,"2,189"
Florida Democratic Party                                            ,Glades                   ,96,10,365,282,"1,154",19,5,12,"1,943"
Florida Democratic Party                                            ,Gulf                     ,9,5,835,35,"1,844",15,5,20,"2,768"
Florida Democratic Party                                            ,Hamilton                 ,4,4,"1,833",67,"1,348",13,5,21,"3,295"
Florida Democratic Party                                            ,Hardee                   ,14,42,631,"1,209","1,700",59,22,63,"3,740"
Florida Democratic Party                                            ,Hendry                   ,122,52,"2,112","2,640","2,023",114,34,64,"7,161"
Florida Democratic Party                                            ,Hernando                 ,125,409,"5,008","6,292","26,309",645,260,578,"39,626"
Florida Democratic Party                                            ,Highlands                ,71,175,"4,127","3,113","9,787",245,66,191,"17,775"
Florida Democratic Party                                            ,Hillsborough             ,956,"8,934","106,348","67,972","138,237","6,953","2,611","10,590","342,601"
Florida Democratic Party                                            ,Holmes                   ,12,18,172,26,"1,937",15,3,15,"2,198"
Florida Democratic Party                                            ,Indian River             ,62,303,"5,293","2,537","21,171",512,98,513,"30,489"
Florida Democratic Party                                            ,Jackson                  ,43,36,"5,338",112,"5,010",122,51,114,"10,826"
Florida Democratic Party                                            ,Jefferson                ,5,19,"2,548",51,"1,656",34,8,27,"4,348"
Florida Democratic Party                                            ,Lafayette                ,2,0,193,59,738,6,5,3,"1,006"
Florida Democratic Party                                            ,Lake                     ,244,"1,462","17,690","11,542","41,871","1,991",497,"1,349","76,646"
Florida Democratic Party                                            ,Lee                      ,302,"1,689","19,949","21,818","79,285","1,694",711,"3,204","128,652"
Florida Democratic Party                                            ,Leon                     ,319,"1,808","47,579","4,449","46,624","1,618",900,"2,279","105,576"
Florida Democratic Party                                            ,Levy                     ,23,52,"1,965",434,"5,133",135,26,64,"7,832"
Florida Democratic Party                                            ,Liberty                  ,13,6,342,26,"1,641",7,6,9,"2,050"
Florida Democratic Party                                            ,Madison                  ,21,9,"3,569",86,"1,947",89,17,73,"5,811"
Florida Democratic Party                                            ,Manatee                  ,247,"1,453","13,638","8,416","52,576","1,191",462,"1,605","79,588"
Florida Democratic Party                                            ,Marion                   ,274,"1,071","20,664","10,863","42,999","1,392",379,"1,040","78,682"
Florida Democratic Party                                            ,Martin                   ,75,292,"2,771","2,180","21,936",409,93,373,"28,129"
Florida Democratic Party                                            ,Miami-Dade               ,"1,250","6,990","189,072","251,304","95,162","7,089","3,680","21,859","576,406"
Florida Democratic Party                                            ,Monroe                   ,83,163,"1,293","2,101","12,432",145,100,324,"16,641"
Florida Democratic Party                                            ,Nassau                   ,43,119,"3,047",463,"10,222",258,52,205,"14,409"
Florida Democratic Party                                            ,Okaloosa                 ,116,615,"7,106","1,467","14,980",537,251,676,"25,748"
Florida Democratic Party                                            ,Okeechobee               ,46,50,866,"1,198","3,795",89,22,72,"6,138"
Florida Democratic Party                                            ,Orange                   ,982,"12,121","110,264","94,997","116,776","9,421","2,947","13,592","361,100"
Florida Democratic Party                                            ,Osceola                  ,223,"2,118","16,354","51,796","21,789","2,657",990,"2,180","98,107"
Florida Democratic Party                                            ,Palm Beach               ,965,"7,334","106,212","51,190","209,214","6,777","2,347","14,879","398,918"
Florida Democratic Party                                            ,Pasco                    ,315,"2,712","15,994","17,905","72,322","2,624",647,"2,228","114,747"
Florida Democratic Party                                            ,Pinellas                 ,748,"5,261","43,374","16,036","162,075","4,351","1,363","4,526","237,734"
Florida Democratic Party                                            ,Polk                     ,383,"1,806","44,261","33,745","61,446","2,159",817,"4,119","148,736"
Florida Democratic Party                                            ,Putnam                   ,42,63,"5,512",909,"8,413",81,49,262,"15,331"
Florida Democratic Party                                            ,Santa Rosa               ,130,471,"3,971",984,"17,848",466,140,466,"24,476"
Florida Democratic Party                                            ,Sarasota                 ,290,"1,327","8,028","6,156","79,778","1,020",403,"4,502","101,504"
Florida Democratic Party                                            ,Seminole                 ,322,"3,486","25,515","22,215","54,864","3,166","1,069","3,882","114,519"
Florida Democratic Party                                            ,St. Johns                ,109,"1,352","6,990","3,113","37,429",902,237,783,"50,915"
Florida Democratic Party                                            ,St. Lucie                ,247,"1,093","32,450","12,440","37,143","2,022",616,"1,568","87,579"
Florida Democratic Party                                            ,Sumter                   ,74,184,"2,621",847,"20,178",174,60,982,"25,120"
Florida Democratic Party                                            ,Suwannee                 ,24,30,"2,064",338,"4,885",96,14,78,"7,529"
Florida Democratic Party                                            ,Taylor                   ,24,50,"1,483",42,"2,632",32,17,24,"4,304"
Florida Democratic Party                                            ,Union                    ,3,6,612,35,"1,494",5,8,15,"2,178"
Florida Democratic Party                                            ,Volusia                  ,395,"1,431","26,101","17,063","75,404","2,091",786,"2,341","125,612"
Florida Democratic Party                                            ,Wakulla                  ,36,21,"1,826",92,"5,035",42,19,58,"7,129"
Florida Democratic Party                                            ,Walton                   ,55,101,"1,132",359,"7,602",126,25,173,"9,573"
Florida Democratic Party                                            ,Washington               ,30,11,"1,296",45,"2,372",51,10,15,"3,830"
Florida Democratic Party,Total,"14,493","96,629","1,454,752","901,481","2,239,533","100,972","33,197","130,387","4,971,444"
,,,,,,,,,,
Coalition With A Purpose Party,Alachua                  ,0,0,0,0,0,0,0,0,0
Coalition With A Purpose Party,Baker                    ,0,0,0,0,0,0,0,0,0
Coalition With A Purpose Party,Bay                      ,0,0,0,0,0,0,0,0,0
Coalition With A Purpose Party,Bradford                 ,0,0,0,0,0,0,0,0,0
Coalition With A Purpose Party,Brevard                  ,0,0,2,0,0,0,0,0,2
Coalition With A Purpose Party,Broward                  ,0,0,3,0,1,0,0,0,4
Coalition With A Purpose Party,Calhoun                  ,0,0,0,0,0,0,0,0,0
Coalition With A Purpose Party,Charlotte                ,0,0,0,0,1,0,0,0,1
Coalition With A Purpose Party,Citrus                   ,0,0,0,0,0,0,0,0,0
Coalition With A Purpose Party,Clay                     ,0,0,0,0,0,0,0,0,0
Coalition With A Purpose Party,Collier                  ,0,0,1,0,0,0,0,0,1
Coalition With A Purpose Party,Columbia                 ,0,0,0,0,0,0,0,0,0
Coalition With A Purpose Party,DeSoto                   ,0,0,0,0,0,0,0,0,0
Coalition With A Purpose Party,Dixie                    ,0,0,0,0,0,0,0,0,0
Coalition With A Purpose Party,Duval                    ,0,0,4,0,2,1,0,1,8
Coalition With A Purpose Party,Escambia                 ,0,0,0,1,0,0,0,0,1
Coalition With A Purpose Party,Flagler                  ,0,0,0,0,0,0,0,0,0
Coalition With A Purpose Party,Franklin                 ,0,0,0,0,0,0,0,0,0
Coalition With A Purpose Party,Gadsden                  ,0,0,0,0,0,0,0,0,0
Coalition With A Purpose Party,Gilchrist                ,0,0,0,0,0,0,0,0,0
Coalition With A Purpose Party,Glades                   ,0,0,0,0,0,0,0,0,0
Coalition With A Purpose Party,Gulf                     ,0,0,0,0,0,0,0,0,0
Coalition With A Purpose Party,Hamilton                 ,0,0,0,0,0,0,0,0,0
Coalition With A Purpose Party,Hardee                   ,0,0,0,0,0,0,0,0,0
Coalition With A Purpose Party,Hendry                   ,0,0,0,0,0,0,0,0,0
Coalition With A Purpose Party,Hernando                 ,0,0,0,1,0,0,0,0,1
Coalition With A Purpose Party,Highlands                ,0,0,0,0,2,0,0,0,2
Coalition With A Purpose Party,Hillsborough             ,0,0,2,0,1,0,0,0,3
Coalition With A Purpose Party,Holmes                   ,0,0,0,0,0,0,0,0,0
Coalition With A Purpose Party,Indian River             ,0,0,0,0,0,0,0,0,0
Coalition With A Purpose Party,Jackson                  ,0,0,0,0,0,0,0,0,0
Coalition With A Purpose Party,Jefferson                ,0,0,0,0,0,0,0,0,0
Coalition With A Purpose Party,Lafayette                ,0,0,0,0,0,0,0,0,0
Coalition With A Purpose Party,Lake                     ,0,0,0,1,0,0,0,0,1
Coalition With A Purpose Party,Lee                      ,0,0,0,0,0,0,0,0,0
Coalition With A Purpose Party,Leon                     ,0,0,0,0,2,0,0,0,2
Coalition With A Purpose Party,Levy                     ,0,0,0,0,0,0,0,0,0
Coalition With A Purpose Party,Liberty                  ,0,0,0,0,0,0,0,0,0
Coalition With A Purpose Party,Madison                  ,0,0,0,0,1,0,0,0,1
Coalition With A Purpose Party,Manatee                  ,0,0,0,1,0,0,0,0,1
Coalition With A Purpose Party,Marion                   ,0,0,0,0,1,0,0,0,1
Coalition With A Purpose Party,Martin                   ,0,0,0,0,0,0,0,0,0
Coalition With A Purpose Party,Miami-Dade               ,0,0,1,1,1,0,0,0,3
Coalition With A Purpose Party,Monroe                   ,0,0,0,0,1,0,0,0,1
Coalition With A Purpose Party,Nassau                   ,0,0,0,0,0,0,0,0,0
Coalition With A Purpose Party,Okaloosa                 ,0,0,0,0,0,0,0,1,1
Coalition With A Purpose Party,Okeechobee               ,0,0,0,0,0,0,0,0,0
Coalition With A Purpose Party,Orange                   ,0,0,1,3,1,0,0,0,5
Coalition With A Purpose Party,Osceola                  ,0,0,0,2,0,0,0,0,2
Coalition With A Purpose Party,Palm Beach               ,0,0,1,1,3,0,0,0,5
Coalition With A Purpose Party,Pasco                    ,0,0,0,0,1,0,0,0,1
Coalition With A Purpose Party,Pinellas                 ,0,0,0,0,1,0,0,0,1
Coalition With A Purpose Party,Polk                     ,0,0,2,6,2,0,0,0,10
Coalition With A Purpose Party,Putnam                   ,0,0,0,0,0,0,0,0,0
Coalition With A Purpose Party,Santa Rosa               ,0,0,0,0,1,0,0,0,1
Coalition With A Purpose Party,Sarasota                 ,0,0,0,0,0,0,0,0,0
Coalition With A Purpose Party,Seminole                 ,0,0,0,0,2,0,0,0,2
Coalition With A Purpose Party,St. Johns                ,0,0,0,0,1,0,0,0,1
Coalition With A Purpose Party,St. Lucie                ,0,0,0,0,3,0,0,0,3
Coalition With A Purpose Party,Sumter                   ,0,0,0,0,0,0,0,0,0
Coalition With A Purpose Party,Suwannee                 ,0,0,0,0,0,0,0,0,0
Coalition With A Purpose Party,Taylor                   ,0,0,0,0,0,0,0,0,0
Coalition With A Purpose Party,Union                    ,0,0,0,0,0,0,0,0,0
Coalition With A Purpose Party,Volusia                  ,0,1,0,1,2,0,0,0,4
Coalition With A Purpose Party,Wakulla                  ,0,0,0,0,0,0,0,0,0
Coalition With A Purpose Party,Walton                   ,0,0,0,0,0,0,0,0,0
Coalition With A Purpose Party,Washington               ,0,0,0,0,0,0,0,0,0
Coalition With A Purpose Party,Total,0,1,17,18,30,1,0,2,69
,,,,,,,,,,
Constitution Party of Florida,Alachua                  ,0,3,2,3,28,1,0,1,38
Constitution Party of Florida,Baker                    ,0,0,1,0,7,0,0,0,8
Constitution Party of Florida,Bay                      ,1,0,5,3,40,0,0,3,52
Constitution Party of Florida,Bradford                 ,0,0,0,0,4,0,0,0,4
Constitution Party of Florida,Brevard                  ,1,4,16,20,129,7,1,3,181
Constitution Party of Florida,Broward                  ,1,4,48,46,105,13,1,9,227
Constitution Party of Florida,Calhoun                  ,0,0,0,0,3,0,0,0,3
Constitution Party of Florida,Charlotte                ,1,0,1,3,50,0,1,3,59
Constitution Party of Florida,Citrus                   ,1,2,2,1,28,1,0,1,36
Constitution Party of Florida,Clay                     ,0,1,7,4,36,3,0,0,51
Constitution Party of Florida,Collier                  ,1,0,1,17,54,0,0,2,75
Constitution Party of Florida,Columbia                 ,0,0,0,0,21,0,0,0,21
Constitution Party of Florida,DeSoto                   ,0,0,0,1,8,0,1,0,10
Constitution Party of Florida,Dixie                    ,0,0,0,0,4,0,0,0,4
Constitution Party of Florida,Duval                    ,1,7,49,20,106,4,1,5,193
Constitution Party of Florida,Escambia                 ,5,0,5,1,65,4,1,2,83
Constitution Party of Florida,Flagler                  ,0,0,0,4,26,0,0,2,32
Constitution Party of Florida,Franklin                 ,0,0,0,0,4,0,0,0,4
Constitution Party of Florida,Gadsden                  ,0,0,4,0,2,1,0,0,7
Constitution Party of Florida,Gilchrist                ,0,0,0,0,5,0,0,0,5
Constitution Party of Florida,Glades                   ,0,0,0,0,5,0,0,0,5
Constitution Party of Florida,Gulf                     ,0,0,0,0,2,0,0,0,2
Constitution Party of Florida,Hamilton                 ,0,0,1,0,3,0,0,0,4
Constitution Party of Florida,Hardee                   ,0,0,0,0,3,0,0,0,3
Constitution Party of Florida,Hendry                   ,0,0,0,3,1,0,0,0,4
Constitution Party of Florida,Hernando                 ,0,0,1,3,35,0,0,0,39
Constitution Party of Florida,Highlands                ,0,0,2,5,20,0,0,0,27
Constitution Party of Florida,Hillsborough             ,1,5,38,57,146,8,0,7,262
Constitution Party of Florida,Holmes                   ,0,0,0,0,2,0,0,0,2
Constitution Party of Florida,Indian River             ,0,0,2,5,27,1,1,0,36
Constitution Party of Florida,Jackson                  ,0,0,1,1,7,0,0,0,9
Constitution Party of Florida,Jefferson                ,0,0,0,0,0,0,0,0,0
Constitution Party of Florida,Lafayette                ,0,0,0,0,1,0,0,0,1
Constitution Party of Florida,Lake                     ,0,1,4,9,72,0,0,5,91
Constitution Party of Florida,Lee                      ,2,2,8,12,89,1,0,3,117
Constitution Party of Florida,Leon                     ,0,0,18,1,28,1,1,2,51
Constitution Party of Florida,Levy                     ,0,0,0,1,10,0,0,0,11
Constitution Party of Florida,Liberty                  ,0,0,1,0,1,0,0,0,2
Constitution Party of Florida,Madison                  ,0,0,0,0,6,0,0,0,6
Constitution Party of Florida,Manatee                  ,0,0,2,3,45,3,1,3,57
Constitution Party of Florida,Marion                   ,0,1,5,17,70,0,1,0,94
Constitution Party of Florida,Martin                   ,0,0,0,5,28,1,0,0,34
Constitution Party of Florida,Miami-Dade               ,0,2,34,120,34,2,0,6,198
Constitution Party of Florida,Monroe                   ,0,0,2,1,2,0,0,1,6
Constitution Party of Florida,Nassau                   ,0,1,0,2,23,0,0,2,28
Constitution Party of Florida,Okaloosa                 ,0,2,4,3,43,2,0,0,54
Constitution Party of Florida,Okeechobee               ,0,0,1,6,6,0,0,0,13
Constitution Party of Florida,Orange                   ,3,15,39,73,84,5,1,6,226
Constitution Party of Florida,Osceola                  ,0,1,5,40,30,1,0,2,79
Constitution Party of Florida,Palm Beach               ,3,7,31,33,126,7,1,9,217
Constitution Party of Florida,Pasco                    ,2,3,6,11,103,4,0,5,134
Constitution Party of Florida,Pinellas                 ,0,2,16,9,161,10,1,5,204
Constitution Party of Florida,Polk                     ,0,3,11,31,116,2,3,2,168
Constitution Party of Florida,Putnam                   ,0,0,0,2,9,0,0,1,12
Constitution Party of Florida,Santa Rosa               ,0,2,5,3,57,6,0,0,73
Constitution Party of Florida,Sarasota                 ,0,2,0,2,67,1,0,7,79
Constitution Party of Florida,Seminole                 ,0,2,5,12,47,3,0,5,74
Constitution Party of Florida,St. Johns                ,0,1,1,1,46,3,0,2,54
Constitution Party of Florida,St. Lucie                ,2,1,18,8,54,0,0,3,86
Constitution Party of Florida,Sumter                   ,1,0,0,1,16,1,0,0,19
Constitution Party of Florida,Suwannee                 ,0,0,1,2,21,0,0,2,26
Constitution Party of Florida,Taylor                   ,0,0,0,0,3,0,0,0,3
Constitution Party of Florida,Union                    ,0,0,0,0,1,0,0,0,1
Constitution Party of Florida,Volusia                  ,0,0,9,18,118,3,4,2,154
Constitution Party of Florida,Wakulla                  ,0,0,0,0,6,0,0,0,6
Constitution Party of Florida,Walton                   ,0,0,1,0,20,0,0,1,22
Constitution Party of Florida,Washington               ,0,0,0,1,6,0,0,0,7
Constitution Party of Florida,Total,26,74,413,624,"2,525",99,20,112,"3,893"
,,,,,,,,,,
Ecology Party of Florida,Alachua                  ,0,0,0,3,12,1,0,1,17
Ecology Party of Florida,Baker                    ,0,0,2,0,0,0,0,0,2
Ecology Party of Florida,Bay                      ,1,2,2,1,12,0,0,0,18
Ecology Party of Florida,Bradford                 ,0,0,1,0,1,0,0,0,2
Ecology Party of Florida,Brevard                  ,0,1,3,11,40,2,0,1,58
Ecology Party of Florida,Broward                  ,0,1,10,35,37,6,2,9,100
Ecology Party of Florida,Calhoun                  ,0,0,0,0,1,0,0,0,1
Ecology Party of Florida,Charlotte                ,0,0,1,1,11,0,0,0,13
Ecology Party of Florida,Citrus                   ,0,0,0,0,11,0,0,0,11
Ecology Party of Florida,Clay                     ,0,1,5,2,7,1,0,1,17
Ecology Party of Florida,Collier                  ,0,0,3,11,8,0,0,1,23
Ecology Party of Florida,Columbia                 ,0,0,0,0,0,0,0,0,0
Ecology Party of Florida,DeSoto                   ,0,0,0,0,0,0,0,0,0
Ecology Party of Florida,Dixie                    ,0,0,0,0,1,0,0,0,1
Ecology Party of Florida,Duval                    ,0,1,21,11,26,1,0,3,63
Ecology Party of Florida,Escambia                 ,0,0,2,1,6,1,0,1,11
Ecology Party of Florida,Flagler                  ,0,0,1,2,5,2,0,0,10
Ecology Party of Florida,Franklin                 ,0,0,0,0,0,0,0,0,0
Ecology Party of Florida,Gadsden                  ,0,0,1,1,1,0,0,0,3
Ecology Party of Florida,Gilchrist                ,0,0,0,0,0,0,0,0,0
Ecology Party of Florida,Glades                   ,0,0,0,1,0,0,0,0,1
Ecology Party of Florida,Gulf                     ,0,0,0,0,0,0,0,0,0
Ecology Party of Florida,Hamilton                 ,0,0,0,0,0,0,0,0,0
Ecology Party of Florida,Hardee                   ,0,0,0,0,0,0,0,0,0
Ecology Party of Florida,Hendry                   ,0,0,1,0,3,0,0,0,4
Ecology Party of Florida,Hernando                 ,0,0,1,0,5,0,0,0,6
Ecology Party of Florida,Highlands                ,0,0,0,0,3,0,0,0,3
Ecology Party of Florida,Hillsborough             ,1,2,5,29,24,1,1,1,64
Ecology Party of Florida,Holmes                   ,0,0,0,0,1,0,0,0,1
Ecology Party of Florida,Indian River             ,0,0,0,0,6,0,0,0,6
Ecology Party of Florida,Jackson                  ,0,0,0,0,1,0,0,0,1
Ecology Party of Florida,Jefferson                ,0,0,0,0,0,0,0,0,0
Ecology Party of Florida,Lafayette                ,0,0,0,0,0,0,0,0,0
Ecology Party of Florida,Lake                     ,0,0,2,3,15,0,0,2,22
Ecology Party of Florida,Lee                      ,0,0,2,15,26,2,0,1,46
Ecology Party of Florida,Leon                     ,0,0,2,1,7,1,0,0,11
Ecology Party of Florida,Levy                     ,0,0,0,0,2,0,0,0,2
Ecology Party of Florida,Liberty                  ,0,0,0,0,0,0,0,0,0
Ecology Party of Florida,Madison                  ,0,0,0,0,0,0,0,0,0
Ecology Party of Florida,Manatee                  ,0,0,0,2,9,1,0,2,14
Ecology Party of Florida,Marion                   ,0,1,3,12,20,1,0,1,38
Ecology Party of Florida,Martin                   ,0,0,0,1,10,0,0,0,11
Ecology Party of Florida,Miami-Dade               ,0,2,14,88,19,9,0,11,143
Ecology Party of Florida,Monroe                   ,0,0,0,2,2,0,0,0,4
Ecology Party of Florida,Nassau                   ,0,0,0,2,1,0,0,0,3
Ecology Party of Florida,Okaloosa                 ,0,1,1,2,4,1,0,0,9
Ecology Party of Florida,Okeechobee               ,0,0,0,1,1,0,0,0,2
Ecology Party of Florida,Orange                   ,0,0,8,25,25,2,0,7,67
Ecology Party of Florida,Osceola                  ,0,1,3,19,5,0,0,1,29
Ecology Party of Florida,Palm Beach               ,1,2,10,20,47,2,0,6,88
Ecology Party of Florida,Pasco                    ,2,0,1,9,18,2,0,1,33
Ecology Party of Florida,Pinellas                 ,0,3,2,3,44,1,0,2,55
Ecology Party of Florida,Polk                     ,0,0,5,24,14,1,1,0,45
Ecology Party of Florida,Putnam                   ,0,0,0,1,3,0,0,0,4
Ecology Party of Florida,Santa Rosa               ,0,0,0,2,12,2,0,0,16
Ecology Party of Florida,Sarasota                 ,0,0,0,1,13,2,0,2,18
Ecology Party of Florida,Seminole                 ,0,0,2,9,9,1,0,3,24
Ecology Party of Florida,St. Johns                ,0,1,1,2,13,0,0,0,17
Ecology Party of Florida,St. Lucie                ,0,0,2,12,8,2,0,0,24
Ecology Party of Florida,Sumter                   ,0,0,0,0,2,0,0,0,2
Ecology Party of Florida,Suwannee                 ,0,0,0,1,1,0,0,0,2
Ecology Party of Florida,Taylor                   ,0,0,0,0,0,0,0,0,0
Ecology Party of Florida,Union                    ,0,0,0,0,1,0,0,0,1
Ecology Party of Florida,Volusia                  ,0,1,8,21,46,1,0,2,79
Ecology Party of Florida,Wakulla                  ,0,0,0,1,3,0,0,0,4
Ecology Party of Florida,Walton                   ,0,0,0,1,3,0,0,0,4
Ecology Party of Florida,Washington               ,0,0,0,0,0,0,0,0,0
Ecology Party of Florida,Total,5,20,125,389,605,46,4,59,"1,253"
,,,,,,,,,,
Green Party of Florida                 ,Alachua                  ,1,5,7,19,120,3,4,2,161
Green Party of Florida                 ,Baker                    ,0,0,0,0,8,0,0,0,8
Green Party of Florida                 ,Bay                      ,0,2,4,1,77,2,1,3,90
Green Party of Florida                 ,Bradford                 ,0,0,0,0,5,0,1,0,6
Green Party of Florida                 ,Brevard                  ,0,8,18,24,264,8,3,11,336
Green Party of Florida                 ,Broward                  ,3,14,78,141,250,26,7,24,543
Green Party of Florida                 ,Calhoun                  ,0,0,0,0,2,1,0,0,3
Green Party of Florida                 ,Charlotte                ,0,2,3,5,55,2,0,4,71
Green Party of Florida                 ,Citrus                   ,0,1,0,3,45,1,0,1,51
Green Party of Florida                 ,Clay                     ,0,4,8,6,55,0,0,0,73
Green Party of Florida                 ,Collier                  ,1,2,5,24,63,1,2,2,100
Green Party of Florida                 ,Columbia                 ,0,0,2,1,23,1,0,3,30
Green Party of Florida                 ,DeSoto                   ,0,0,1,0,3,0,0,0,4
Green Party of Florida                 ,Dixie                    ,0,0,0,0,4,0,0,0,4
Green Party of Florida                 ,Duval                    ,1,8,60,38,270,13,2,11,403
Green Party of Florida                 ,Escambia                 ,0,5,8,9,104,4,3,3,136
Green Party of Florida                 ,Flagler                  ,0,2,6,1,33,2,1,0,45
Green Party of Florida                 ,Franklin                 ,0,0,0,0,2,0,0,0,2
Green Party of Florida                 ,Gadsden                  ,0,0,4,1,9,0,0,0,14
Green Party of Florida                 ,Gilchrist                ,0,0,0,0,3,0,0,0,3
Green Party of Florida                 ,Glades                   ,0,0,0,0,1,0,0,0,1
Green Party of Florida                 ,Gulf                     ,0,0,0,0,4,0,0,0,4
Green Party of Florida                 ,Hamilton                 ,0,0,1,0,1,0,0,0,2
Green Party of Florida                 ,Hardee                   ,0,0,0,1,2,0,0,0,3
Green Party of Florida                 ,Hendry                   ,1,0,0,2,0,0,0,0,3
Green Party of Florida                 ,Hernando                 ,0,0,3,8,62,5,0,4,82
Green Party of Florida                 ,Highlands                ,0,0,1,4,10,0,0,0,15
Green Party of Florida                 ,Hillsborough             ,1,24,59,82,337,29,7,29,568
Green Party of Florida                 ,Holmes                   ,0,0,0,0,6,1,0,0,7
Green Party of Florida                 ,Indian River             ,0,0,2,5,62,3,0,3,75
Green Party of Florida                 ,Jackson                  ,0,1,1,0,9,0,1,0,12
Green Party of Florida                 ,Jefferson                ,0,0,0,0,1,0,0,0,1
Green Party of Florida                 ,Lafayette                ,0,0,0,0,0,0,1,0,1
Green Party of Florida                 ,Lake                     ,1,1,6,13,101,5,1,9,137
Green Party of Florida                 ,Lee                      ,4,3,14,42,177,6,2,12,260
Green Party of Florida                 ,Leon                     ,1,3,14,5,95,4,2,4,128
Green Party of Florida                 ,Levy                     ,0,0,0,0,7,0,0,0,7
Green Party of Florida                 ,Liberty                  ,0,0,0,0,2,0,0,0,2
Green Party of Florida                 ,Madison                  ,0,0,0,0,2,0,0,0,2
Green Party of Florida                 ,Manatee                  ,1,6,2,11,99,1,2,7,129
Green Party of Florida                 ,Marion                   ,0,2,13,15,91,4,3,5,133
Green Party of Florida                 ,Martin                   ,1,1,0,3,49,4,2,0,60
Green Party of Florida                 ,Miami-Dade               ,1,11,81,355,188,18,10,48,712
Green Party of Florida                 ,Monroe                   ,0,0,0,3,41,1,1,1,47
Green Party of Florida                 ,Nassau                   ,0,0,1,0,30,0,0,1,32
Green Party of Florida                 ,Okaloosa                 ,0,2,6,8,61,2,1,5,85
Green Party of Florida                 ,Okeechobee               ,0,0,0,1,12,0,0,2,15
Green Party of Florida                 ,Orange                   ,5,17,56,125,253,17,7,38,518
Green Party of Florida                 ,Osceola                  ,0,3,9,36,47,4,4,4,107
Green Party of Florida                 ,Palm Beach               ,2,8,49,65,308,19,2,18,471
Green Party of Florida                 ,Pasco                    ,0,4,11,25,170,10,2,6,228
Green Party of Florida                 ,Pinellas                 ,2,8,26,42,446,20,1,20,565
Green Party of Florida                 ,Polk                     ,0,4,22,40,157,11,2,9,245
Green Party of Florida                 ,Putnam                   ,1,0,5,1,22,0,0,2,31
Green Party of Florida                 ,Santa Rosa               ,1,0,4,5,64,1,0,2,77
Green Party of Florida                 ,Sarasota                 ,1,6,4,8,192,7,2,15,235
Green Party of Florida                 ,Seminole                 ,0,6,12,26,148,11,5,14,222
Green Party of Florida                 ,St. Johns                ,3,1,3,5,81,4,1,2,100
Green Party of Florida                 ,St. Lucie                ,1,1,13,13,67,2,1,4,102
Green Party of Florida                 ,Sumter                   ,0,0,0,2,25,0,0,1,28
Green Party of Florida                 ,Suwannee                 ,0,0,0,1,12,0,0,0,13
Green Party of Florida                 ,Taylor                   ,0,0,0,0,3,0,0,0,3
Green Party of Florida                 ,Union                    ,0,0,0,0,2,1,0,0,3
Green Party of Florida                 ,Volusia                  ,1,2,6,25,182,9,1,11,237
Green Party of Florida                 ,Wakulla                  ,0,0,1,0,5,0,0,0,6
Green Party of Florida                 ,Walton                   ,1,0,0,0,18,1,0,2,22
Green Party of Florida                 ,Washington               ,0,0,0,0,7,0,0,0,7
Green Party of Florida                ,Total,35,167,629,"1,250","5,054",264,85,342,"7,826"
,,,,,,,,,,
Independent Party of Florida,Alachua                  ,8,49,204,181,"1,420",82,7,42,"1,993"
Independent Party of Florida,Baker                    ,0,1,8,4,106,2,0,3,124
Independent Party of Florida,Bay                      ,8,32,125,61,"1,385",35,4,37,"1,687"
Independent Party of Florida,Bradford                 ,1,1,6,4,103,4,1,2,122
Independent Party of Florida,Brevard                  ,32,131,547,465,"6,659",185,21,211,"8,251"
Independent Party of Florida,Broward                  ,34,261,"3,090","4,040","8,163",630,69,634,"16,921"
Independent Party of Florida,Calhoun                  ,0,0,0,0,30,0,0,4,34
Independent Party of Florida,Charlotte                ,7,29,77,113,"2,522",38,1,55,"2,842"
Independent Party of Florida,Citrus                   ,12,19,34,58,"1,665",31,4,24,"1,847"
Independent Party of Florida,Clay                     ,12,58,300,156,"1,460",40,9,80,"2,115"
Independent Party of Florida,Collier                  ,3,47,121,336,"2,395",55,4,70,"3,031"
Independent Party of Florida,Columbia                 ,2,5,26,12,314,5,1,17,382
Independent Party of Florida,DeSoto                   ,0,1,8,10,106,5,0,5,135
Independent Party of Florida,Dixie                    ,0,0,2,0,89,0,1,5,97
Independent Party of Florida,Duval                    ,31,234,"1,809",543,"5,720",203,25,357,"8,922"
Independent Party of Florida,Escambia                 ,17,80,351,105,"2,264",65,9,106,"2,997"
Independent Party of Florida,Flagler                  ,6,18,74,69,976,31,3,34,"1,211"
Independent Party of Florida,Franklin                 ,1,1,5,1,148,1,0,2,159
Independent Party of Florida,Gadsden                  ,0,1,49,7,118,3,2,6,186
Independent Party of Florida,Gilchrist                ,1,0,4,4,105,1,1,3,119
Independent Party of Florida,Glades                   ,3,1,3,13,74,0,1,3,98
Independent Party of Florida,Gulf                     ,0,2,5,0,179,2,0,2,190
Independent Party of Florida,Hamilton                 ,1,0,6,4,73,1,2,1,88
Independent Party of Florida,Hardee                   ,1,0,0,17,35,2,0,2,57
Independent Party of Florida,Hendry                   ,5,3,13,91,83,5,2,1,203
Independent Party of Florida,Hernando                 ,12,23,92,221,"2,075",41,5,48,"2,517"
Independent Party of Florida,Highlands                ,2,9,36,93,562,15,2,20,739
Independent Party of Florida,Hillsborough             ,28,313,"1,762","1,837","8,416",351,50,462,"13,219"
Independent Party of Florida,Holmes                   ,0,0,2,1,74,1,0,1,79
Independent Party of Florida,Indian River             ,6,13,97,145,"1,997",40,7,45,"2,350"
Independent Party of Florida,Jackson                  ,1,1,20,2,123,2,0,6,155
Independent Party of Florida,Jefferson                ,0,0,6,0,46,1,0,1,54
Independent Party of Florida,Lafayette                ,1,1,1,2,35,0,1,2,43
Independent Party of Florida,Lake                     ,8,53,281,289,"2,528",83,14,116,"3,372"
Independent Party of Florida,Lee                      ,21,77,391,726,"5,584",114,12,217,"7,142"
Independent Party of Florida,Leon                     ,9,49,428,126,"1,616",43,13,74,"2,358"
Independent Party of Florida,Levy                     ,3,1,19,19,356,10,2,2,412
Independent Party of Florida,Liberty                  ,0,0,0,0,0,0,0,0,0
Independent Party of Florida,Madison                  ,0,0,12,4,31,2,0,1,50
Independent Party of Florida,Manatee                  ,7,66,176,235,"3,414",68,5,138,"4,109"
Independent Party of Florida,Marion                   ,20,42,220,238,"2,676",55,4,82,"3,337"
Independent Party of Florida,Martin                   ,4,13,43,125,"1,899",30,3,50,"2,167"
Independent Party of Florida,Miami-Dade               ,23,131,"1,847","13,062","3,610",391,56,749,"19,869"
Independent Party of Florida,Monroe                   ,2,7,22,106,725,10,2,23,897
Independent Party of Florida,Nassau                   ,5,7,65,36,"1,086",19,0,19,"1,237"
Independent Party of Florida,Okaloosa                 ,6,52,162,93,"1,708",68,7,63,"2,159"
Independent Party of Florida,Okeechobee               ,1,1,11,27,244,2,0,5,291
Independent Party of Florida,Orange                   ,39,354,"1,724","2,001","6,224",393,45,567,"11,347"
Independent Party of Florida,Osceola                  ,7,62,278,679,"1,207",81,12,90,"2,416"
Independent Party of Florida,Palm Beach               ,46,255,"1,788","2,150","13,591",496,54,681,"19,061"
Independent Party of Florida,Pasco                    ,19,123,367,581,"5,063",129,15,199,"6,496"
Independent Party of Florida,Pinellas                 ,29,189,498,525,"8,281",207,34,316,"10,079"
Independent Party of Florida,Polk                     ,16,73,733,810,"4,731",141,19,168,"6,691"
Independent Party of Florida,Putnam                   ,0,3,28,14,437,5,0,12,499
Independent Party of Florida,Santa Rosa               ,10,50,115,92,"2,026",46,3,58,"2,400"
Independent Party of Florida,Sarasota                 ,5,69,103,201,"4,489",84,9,324,"5,284"
Independent Party of Florida,Seminole                 ,16,92,490,679,"3,486",126,13,236,"5,138"
Independent Party of Florida,St. Johns                ,5,61,127,146,"2,647",53,4,63,"3,106"
Independent Party of Florida,St. Lucie                ,8,29,517,406,"2,640",87,8,129,"3,824"
Independent Party of Florida,Sumter                   ,3,6,20,26,905,10,2,52,"1,024"
Independent Party of Florida,Suwannee                 ,4,1,18,17,244,2,0,11,297
Independent Party of Florida,Taylor                   ,0,0,5,0,74,0,0,2,81
Independent Party of Florida,Union                    ,1,0,4,3,56,1,3,1,69
Independent Party of Florida,Volusia                  ,16,71,366,459,"5,372",111,12,191,"6,598"
Independent Party of Florida,Wakulla                  ,2,2,15,6,219,3,1,11,259
Independent Party of Florida,Walton                   ,0,12,29,24,791,13,0,21,890
Independent Party of Florida,Washington               ,0,1,6,0,87,1,1,2,98
Independent Party of Florida,Total,570,"3,286","19,791","32,500","137,567","4,761",585,"6,964","206,024"
,,,,,,,,,,
Libertarian Party of Florida,Alachua                  ,2,11,25,51,630,29,5,12,765
Libertarian Party of Florida,Baker                    ,0,1,1,1,39,2,1,1,46
Libertarian Party of Florida,Bay                      ,1,11,14,21,492,13,1,14,567
Libertarian Party of Florida,Bradford                 ,0,0,1,2,46,0,0,1,50
Libertarian Party of Florida,Brevard                  ,8,18,23,56,"1,530",48,11,45,"1,739"
Libertarian Party of Florida,Broward                  ,8,29,122,420,"1,166",73,12,69,"1,899"
Libertarian Party of Florida,Calhoun                  ,0,0,0,0,6,1,0,0,7
Libertarian Party of Florida,Charlotte                ,1,2,3,11,302,9,0,13,341
Libertarian Party of Florida,Citrus                   ,0,1,7,7,305,1,0,3,324
Libertarian Party of Florida,Clay                     ,6,11,18,25,555,16,4,18,653
Libertarian Party of Florida,Collier                  ,2,7,7,70,460,11,2,16,575
Libertarian Party of Florida,Columbia                 ,1,2,0,3,141,3,0,2,152
Libertarian Party of Florida,DeSoto                   ,0,0,0,2,21,0,0,1,24
Libertarian Party of Florida,Dixie                    ,0,0,0,0,16,1,1,0,18
Libertarian Party of Florida,Duval                    ,15,56,180,134,"2,126",59,18,98,"2,686"
Libertarian Party of Florida,Escambia                 ,10,23,29,35,784,23,4,34,942
Libertarian Party of Florida,Flagler                  ,2,2,7,7,194,7,1,4,224
Libertarian Party of Florida,Franklin                 ,0,0,0,0,18,0,0,0,18
Libertarian Party of Florida,Gadsden                  ,1,0,6,4,38,0,0,0,49
Libertarian Party of Florida,Gilchrist                ,0,0,0,1,47,2,1,0,51
Libertarian Party of Florida,Glades                   ,0,0,0,3,12,1,0,1,17
Libertarian Party of Florida,Gulf                     ,0,0,0,0,28,0,0,1,29
Libertarian Party of Florida,Hamilton                 ,0,0,0,1,14,0,0,0,15
Libertarian Party of Florida,Hardee                   ,0,0,1,7,23,1,1,1,34
Libertarian Party of Florida,Hendry                   ,0,0,0,12,26,0,0,2,40
Libertarian Party of Florida,Hernando                 ,2,2,4,28,356,5,4,8,409
Libertarian Party of Florida,Highlands                ,0,0,0,7,95,1,0,1,104
Libertarian Party of Florida,Hillsborough             ,15,54,108,334,"2,221",76,19,95,"2,922"
Libertarian Party of Florida,Holmes                   ,0,0,0,1,21,1,0,0,23
Libertarian Party of Florida,Indian River             ,1,4,5,12,238,5,1,8,274
Libertarian Party of Florida,Jackson                  ,0,1,5,4,39,0,0,1,50
Libertarian Party of Florida,Jefferson                ,1,0,0,1,15,0,0,1,18
Libertarian Party of Florida,Lafayette                ,0,0,0,0,7,0,0,0,7
Libertarian Party of Florida,Lake                     ,6,6,16,44,662,11,1,12,758
Libertarian Party of Florida,Lee                      ,3,9,27,96,978,22,4,34,"1,173"
Libertarian Party of Florida,Leon                     ,1,4,36,34,478,15,7,25,600
Libertarian Party of Florida,Levy                     ,0,0,3,6,184,3,0,0,196
Libertarian Party of Florida,Liberty                  ,0,0,0,0,4,0,0,0,4
Libertarian Party of Florida,Madison                  ,0,0,1,0,21,0,0,1,23
Libertarian Party of Florida,Manatee                  ,5,8,11,31,651,19,2,25,752
Libertarian Party of Florida,Marion                   ,6,5,19,53,679,13,1,20,796
Libertarian Party of Florida,Martin                   ,2,1,5,15,239,7,0,5,274
Libertarian Party of Florida,Miami-Dade               ,3,22,112,"1,122",613,47,12,99,"2,030"
Libertarian Party of Florida,Monroe                   ,0,1,1,10,181,1,1,6,201
Libertarian Party of Florida,Nassau                   ,1,1,1,7,304,5,1,6,326
Libertarian Party of Florida,Okaloosa                 ,2,13,12,40,592,18,5,26,708
Libertarian Party of Florida,Okeechobee               ,0,0,0,4,27,0,0,0,31
Libertarian Party of Florida,Orange                   ,9,57,123,353,"1,749",64,15,96,"2,466"
Libertarian Party of Florida,Osceola                  ,1,9,17,121,337,13,8,18,524
Libertarian Party of Florida,Palm Beach               ,5,21,89,199,"1,569",39,17,97,"2,036"
Libertarian Party of Florida,Pasco                    ,10,18,26,97,"1,078",26,6,32,"1,293"
Libertarian Party of Florida,Pinellas                 ,17,53,55,101,"2,197",47,15,73,"2,558"
Libertarian Party of Florida,Polk                     ,6,19,39,137,"1,062",22,9,33,"1,327"
Libertarian Party of Florida,Putnam                   ,2,0,6,2,109,3,1,2,125
Libertarian Party of Florida,Santa Rosa               ,7,9,15,15,668,9,5,23,751
Libertarian Party of Florida,Sarasota                 ,5,9,10,34,789,19,8,45,919
Libertarian Party of Florida,Seminole                 ,8,22,43,137,"1,014",30,11,60,"1,325"
Libertarian Party of Florida,St. Johns                ,1,8,11,31,704,19,3,13,790
Libertarian Party of Florida,St. Lucie                ,1,4,25,39,351,14,4,19,457
Libertarian Party of Florida,Sumter                   ,0,2,2,7,144,2,0,6,163
Libertarian Party of Florida,Suwannee                 ,1,0,0,3,72,0,2,5,83
Libertarian Party of Florida,Taylor                   ,1,0,0,1,21,1,0,0,24
Libertarian Party of Florida,Union                    ,0,0,1,3,15,1,0,1,21
Libertarian Party of Florida,Volusia                  ,4,17,30,102,"1,125",20,10,32,"1,340"
Libertarian Party of Florida,Wakulla                  ,0,2,3,2,63,0,0,2,72
Libertarian Party of Florida,Walton                   ,0,0,3,5,172,4,1,10,195
Libertarian Party of Florida,Washington               ,0,0,0,0,37,1,0,0,38
Libertarian Party of Florida,Total,183,555,"1,308","4,111","30,900",883,235,"1,276","39,451"
,,,,,,,,,,
Party for Socialism and Liberation - Florida,Alachua                  ,0,0,0,4,22,3,0,1,30
Party for Socialism and Liberation - Florida,Baker                    ,0,0,0,0,2,0,0,0,2
Party for Socialism and Liberation - Florida,Bay                      ,0,0,2,2,13,0,0,0,17
Party for Socialism and Liberation - Florida,Bradford                 ,0,0,0,0,1,0,0,0,1
Party for Socialism and Liberation - Florida,Brevard                  ,0,0,3,4,39,2,1,4,53
Party for Socialism and Liberation - Florida,Broward                  ,1,1,21,42,48,6,2,6,127
Party for Socialism and Liberation - Florida,Calhoun                  ,0,0,0,0,0,0,0,0,0
Party for Socialism and Liberation - Florida,Charlotte                ,0,0,0,0,9,1,0,0,10
Party for Socialism and Liberation - Florida,Citrus                   ,0,0,0,3,10,0,0,0,13
Party for Socialism and Liberation - Florida,Clay                     ,0,0,3,4,12,0,0,1,20
Party for Socialism and Liberation - Florida,Collier                  ,0,0,2,3,4,0,0,0,9
Party for Socialism and Liberation - Florida,Columbia                 ,0,0,0,0,3,0,0,1,4
Party for Socialism and Liberation - Florida,DeSoto                   ,0,0,0,0,0,0,0,0,0
Party for Socialism and Liberation - Florida,Dixie                    ,0,0,1,0,0,0,0,0,1
Party for Socialism and Liberation - Florida,Duval                    ,0,6,17,6,56,5,0,5,95
Party for Socialism and Liberation - Florida,Escambia                 ,1,2,4,5,34,1,0,0,47
Party for Socialism and Liberation - Florida,Flagler                  ,0,0,0,2,5,0,0,0,7
Party for Socialism and Liberation - Florida,Franklin                 ,0,0,0,0,0,0,0,0,0
Party for Socialism and Liberation - Florida,Gadsden                  ,0,0,0,0,1,0,0,0,1
Party for Socialism and Liberation - Florida,Gilchrist                ,0,0,0,0,1,0,0,0,1
Party for Socialism and Liberation - Florida,Glades                   ,0,0,0,0,0,0,0,0,0
Party for Socialism and Liberation - Florida,Gulf                     ,0,0,0,0,0,0,0,0,0
Party for Socialism and Liberation - Florida,Hamilton                 ,0,0,0,0,1,0,0,0,1
Party for Socialism and Liberation - Florida,Hardee                   ,0,0,0,0,1,0,0,0,1
Party for Socialism and Liberation - Florida,Hendry                   ,0,0,0,1,0,0,0,1,2
Party for Socialism and Liberation - Florida,Hernando                 ,0,0,1,0,7,0,0,0,8
Party for Socialism and Liberation - Florida,Highlands                ,0,0,0,1,5,1,0,0,7
Party for Socialism and Liberation - Florida,Hillsborough             ,0,5,16,28,86,5,1,8,149
Party for Socialism and Liberation - Florida,Holmes                   ,0,0,0,0,2,0,0,0,2
Party for Socialism and Liberation - Florida,Indian River             ,0,0,0,0,2,0,0,0,2
Party for Socialism and Liberation - Florida,Jackson                  ,0,0,1,1,1,0,0,1,4
Party for Socialism and Liberation - Florida,Jefferson                ,0,0,0,0,0,0,0,0,0
Party for Socialism and Liberation - Florida,Lafayette                ,0,0,0,0,0,0,0,0,0
Party for Socialism and Liberation - Florida,Lake                     ,0,0,3,4,17,1,0,0,25
Party for Socialism and Liberation - Florida,Lee                      ,1,0,4,10,28,3,0,0,46
Party for Socialism and Liberation - Florida,Leon                     ,0,0,2,2,26,0,1,1,32
Party for Socialism and Liberation - Florida,Levy                     ,0,0,0,0,1,0,0,0,1
Party for Socialism and Liberation - Florida,Liberty                  ,0,0,0,0,0,0,0,0,0
Party for Socialism and Liberation - Florida,Madison                  ,0,0,0,0,1,0,0,0,1
Party for Socialism and Liberation - Florida,Manatee                  ,0,0,3,5,8,0,1,4,21
Party for Socialism and Liberation - Florida,Marion                   ,0,0,2,6,14,1,0,2,25
Party for Socialism and Liberation - Florida,Martin                   ,0,0,1,1,8,0,0,0,10
Party for Socialism and Liberation - Florida,Miami-Dade               ,1,1,18,62,16,4,2,10,114
Party for Socialism and Liberation - Florida,Monroe                   ,0,0,0,0,4,0,0,0,4
Party for Socialism and Liberation - Florida,Nassau                   ,0,0,1,0,7,0,0,1,9
Party for Socialism and Liberation - Florida,Okaloosa                 ,0,0,3,1,15,1,0,1,21
Party for Socialism and Liberation - Florida,Okeechobee               ,0,0,0,2,1,0,0,0,3
Party for Socialism and Liberation - Florida,Orange                   ,0,2,19,31,61,4,1,13,131
Party for Socialism and Liberation - Florida,Osceola                  ,1,3,1,5,12,1,1,1,25
Party for Socialism and Liberation - Florida,Palm Beach               ,1,5,13,12,61,4,0,2,98
Party for Socialism and Liberation - Florida,Pasco                    ,0,0,7,6,37,2,0,3,55
Party for Socialism and Liberation - Florida,Pinellas                 ,0,3,9,10,65,3,0,8,98
Party for Socialism and Liberation - Florida,Polk                     ,0,4,6,13,29,2,1,6,61
Party for Socialism and Liberation - Florida,Putnam                   ,0,0,1,0,2,0,0,0,3
Party for Socialism and Liberation - Florida,Santa Rosa               ,0,0,1,1,15,1,0,2,20
Party for Socialism and Liberation - Florida,Sarasota                 ,0,0,2,5,26,1,0,6,40
Party for Socialism and Liberation - Florida,Seminole                 ,0,0,7,10,23,5,0,9,54
Party for Socialism and Liberation - Florida,St. Johns                ,0,0,0,1,13,0,0,2,16
Party for Socialism and Liberation - Florida,St. Lucie                ,0,0,2,6,9,0,0,2,19
Party for Socialism and Liberation - Florida,Sumter                   ,0,0,0,1,3,0,0,0,4
Party for Socialism and Liberation - Florida,Suwannee                 ,0,0,0,0,0,0,0,0,0
Party for Socialism and Liberation - Florida,Taylor                   ,0,0,0,0,0,0,0,0,0
Party for Socialism and Liberation - Florida,Union                    ,0,0,0,0,1,0,0,0,1
Party for Socialism and Liberation - Florida,Volusia                  ,1,2,3,4,33,0,0,3,46
Party for Socialism and Liberation - Florida,Wakulla                  ,0,0,0,1,1,0,0,1,3
Party for Socialism and Liberation - Florida,Walton                   ,0,0,0,0,4,0,0,0,4
Party for Socialism and Liberation - Florida,Washington               ,0,0,0,0,0,0,0,0,0
Party for Socialism and Liberation - Florida,Total,7,34,179,305,906,57,11,105,"1,604"
,,,,,,,,,,
People's Party of Florida,Alachua                  ,0,0,3,2,5,1,0,0,11
People's Party of Florida,Baker                    ,0,0,0,0,1,0,0,0,1
People's Party of Florida,Bay                      ,0,0,1,2,6,0,0,0,9
People's Party of Florida,Bradford                 ,0,0,0,0,1,0,0,0,1
People's Party of Florida,Brevard                  ,1,1,1,1,16,0,0,1,21
People's Party of Florida,Broward                  ,1,4,9,9,11,2,0,2,38
People's Party of Florida,Calhoun                  ,0,0,0,0,0,0,0,0,0
People's Party of Florida,Charlotte                ,0,0,0,0,5,0,0,1,6
People's Party of Florida,Citrus                   ,0,0,0,0,0,0,0,0,0
People's Party of Florida,Clay                     ,0,0,0,0,1,0,0,0,1
People's Party of Florida,Collier                  ,0,0,2,4,5,0,0,1,12
People's Party of Florida,Columbia                 ,0,0,1,0,3,0,0,0,4
People's Party of Florida,DeSoto                   ,0,0,0,0,0,0,0,0,0
People's Party of Florida,Dixie                    ,0,0,0,1,1,0,0,0,2
People's Party of Florida,Duval                    ,1,2,17,3,16,0,0,0,39
People's Party of Florida,Escambia                 ,0,0,2,1,7,0,0,1,11
People's Party of Florida,Flagler                  ,0,0,1,0,5,0,0,0,6
People's Party of Florida,Franklin                 ,0,0,0,0,1,0,0,0,1
People's Party of Florida,Gadsden                  ,0,0,0,0,0,0,0,0,0
People's Party of Florida,Gilchrist                ,0,0,0,0,0,0,0,0,0
People's Party of Florida,Glades                   ,0,0,0,0,0,0,0,0,0
People's Party of Florida,Gulf                     ,0,0,0,0,0,0,0,0,0
People's Party of Florida,Hamilton                 ,0,0,0,0,0,0,0,0,0
People's Party of Florida,Hardee                   ,0,0,0,0,0,0,0,0,0
People's Party of Florida,Hendry                   ,0,0,0,1,0,0,0,0,1
People's Party of Florida,Hernando                 ,0,0,0,1,7,0,0,0,8
People's Party of Florida,Highlands                ,0,0,0,1,5,1,0,0,7
People's Party of Florida,Hillsborough             ,0,0,15,6,24,3,0,1,49
People's Party of Florida,Holmes                   ,0,0,0,0,0,0,0,0,0
People's Party of Florida,Indian River             ,0,0,1,0,4,0,0,0,5
People's Party of Florida,Jackson                  ,0,0,0,0,0,0,0,0,0
People's Party of Florida,Jefferson                ,0,0,0,0,0,0,0,0,0
People's Party of Florida,Lafayette                ,0,0,0,0,0,0,0,0,0
People's Party of Florida,Lake                     ,0,0,1,6,7,0,0,0,14
People's Party of Florida,Lee                      ,0,0,4,3,11,0,0,0,18
People's Party of Florida,Leon                     ,0,0,4,1,3,2,0,1,11
People's Party of Florida,Levy                     ,0,0,0,1,2,0,0,0,3
People's Party of Florida,Liberty                  ,0,0,0,0,1,0,0,0,1
People's Party of Florida,Madison                  ,0,0,0,0,0,0,0,0,0
People's Party of Florida,Manatee                  ,0,0,1,1,5,0,0,0,7
People's Party of Florida,Marion                   ,0,0,1,2,6,0,0,0,9
People's Party of Florida,Martin                   ,0,0,1,0,3,0,0,0,4
People's Party of Florida,Miami-Dade               ,0,0,10,19,9,2,1,2,43
People's Party of Florida,Monroe                   ,0,0,0,2,3,0,0,0,5
People's Party of Florida,Nassau                   ,0,0,0,0,0,0,0,0,0
People's Party of Florida,Okaloosa                 ,0,0,1,0,3,0,0,0,4
People's Party of Florida,Okeechobee               ,0,0,0,0,0,0,0,0,0
People's Party of Florida,Orange                   ,0,4,16,14,17,0,0,2,53
People's Party of Florida,Osceola                  ,0,0,2,1,3,0,0,0,6
People's Party of Florida,Palm Beach               ,0,1,8,11,17,0,1,0,38
People's Party of Florida,Pasco                    ,0,0,1,3,14,0,0,1,19
People's Party of Florida,Pinellas                 ,0,2,5,3,26,0,1,1,38
People's Party of Florida,Polk                     ,0,0,4,1,7,0,1,0,13
People's Party of Florida,Putnam                   ,0,0,0,0,2,0,0,0,2
People's Party of Florida,Santa Rosa               ,0,0,0,0,3,0,0,1,4
People's Party of Florida,Sarasota                 ,0,0,0,0,3,0,0,2,5
People's Party of Florida,Seminole                 ,0,0,2,2,8,1,0,0,13
People's Party of Florida,St. Johns                ,0,0,0,2,5,0,0,0,7
People's Party of Florida,St. Lucie                ,0,0,2,2,2,0,0,0,6
People's Party of Florida,Sumter                   ,0,0,0,0,1,0,0,0,1
People's Party of Florida,Suwannee                 ,0,0,0,0,1,0,0,0,1
People's Party of Florida,Taylor                   ,0,0,1,0,1,0,0,0,2
People's Party of Florida,Union                    ,0,0,0,0,0,0,0,0,0
People's Party of Florida,Volusia                  ,0,1,1,2,9,2,0,0,15
People's Party of Florida,Wakulla                  ,0,0,0,0,2,0,0,0,2
People's Party of Florida,Walton                   ,0,0,0,1,1,0,0,0,2
People's Party of Florida,Washington               ,0,0,0,0,0,0,0,0,0
People's Party of Florida,Total,3,15,118,109,299,14,4,17,579
,,,,,,,,,,
Reform Party of Florida,Alachua                  ,0,0,4,1,15,0,0,1,21
Reform Party of Florida,Baker                    ,0,0,0,0,1,0,0,0,1
Reform Party of Florida,Bay                      ,0,2,0,0,12,0,0,1,15
Reform Party of Florida,Bradford                 ,0,0,0,0,2,0,0,0,2
Reform Party of Florida,Brevard                  ,0,1,5,4,39,1,1,1,52
Reform Party of Florida,Broward                  ,0,4,12,15,47,6,0,5,89
Reform Party of Florida,Calhoun                  ,0,0,0,0,1,0,0,0,1
Reform Party of Florida,Charlotte                ,0,0,0,0,7,0,0,0,7
Reform Party of Florida,Citrus                   ,0,0,0,0,10,0,0,0,10
Reform Party of Florida,Clay                     ,0,0,0,0,12,1,0,0,13
Reform Party of Florida,Collier                  ,0,0,2,3,31,2,0,3,41
Reform Party of Florida,Columbia                 ,1,0,1,0,4,0,0,0,6
Reform Party of Florida,DeSoto                   ,0,0,0,0,1,0,0,0,1
Reform Party of Florida,Dixie                    ,0,0,1,0,1,0,0,0,2
Reform Party of Florida,Duval                    ,1,3,24,5,47,4,1,5,90
Reform Party of Florida,Escambia                 ,0,1,4,1,23,0,0,0,29
Reform Party of Florida,Flagler                  ,0,0,0,0,4,1,0,0,5
Reform Party of Florida,Franklin                 ,0,0,0,0,1,0,0,0,1
Reform Party of Florida,Gadsden                  ,0,0,1,1,1,0,0,0,3
Reform Party of Florida,Gilchrist                ,0,0,0,0,1,0,0,0,1
Reform Party of Florida,Glades                   ,0,0,0,0,0,0,0,0,0
Reform Party of Florida,Gulf                     ,0,0,0,0,0,0,0,0,0
Reform Party of Florida,Hamilton                 ,0,0,0,0,1,0,0,0,1
Reform Party of Florida,Hardee                   ,0,0,0,0,0,1,0,0,1
Reform Party of Florida,Hendry                   ,0,0,0,1,1,0,0,0,2
Reform Party of Florida,Hernando                 ,0,0,0,1,14,0,0,1,16
Reform Party of Florida,Highlands                ,0,0,0,2,7,0,0,0,9
Reform Party of Florida,Hillsborough             ,0,2,11,19,56,2,0,3,93
Reform Party of Florida,Holmes                   ,0,0,0,0,0,0,0,0,0
Reform Party of Florida,Indian River             ,0,0,0,2,10,0,0,0,12
Reform Party of Florida,Jackson                  ,0,0,1,0,4,0,0,0,5
Reform Party of Florida,Jefferson                ,0,0,0,0,1,0,0,0,1
Reform Party of Florida,Lafayette                ,0,0,0,0,0,0,0,0,0
Reform Party of Florida,Lake                     ,0,0,2,1,21,0,0,0,24
Reform Party of Florida,Lee                      ,0,0,3,9,26,2,0,1,41
Reform Party of Florida,Leon                     ,0,0,2,1,18,0,0,0,21
Reform Party of Florida,Levy                     ,0,0,0,0,6,0,0,0,6
Reform Party of Florida,Liberty                  ,0,0,0,0,1,0,0,0,1
Reform Party of Florida,Madison                  ,0,0,0,0,1,0,0,0,1
Reform Party of Florida,Manatee                  ,0,1,0,2,17,0,0,1,21
Reform Party of Florida,Marion                   ,1,0,1,1,22,1,1,0,27
Reform Party of Florida,Martin                   ,0,0,1,1,8,0,0,0,10
Reform Party of Florida,Miami-Dade               ,1,0,16,100,21,4,0,7,149
Reform Party of Florida,Monroe                   ,0,0,0,0,5,0,0,0,5
Reform Party of Florida,Nassau                   ,0,0,0,0,8,0,0,0,8
Reform Party of Florida,Okaloosa                 ,1,1,2,0,5,0,0,1,10
Reform Party of Florida,Okeechobee               ,0,0,0,2,3,0,1,0,6
Reform Party of Florida,Orange                   ,2,8,12,35,37,2,2,5,103
Reform Party of Florida,Osceola                  ,0,0,1,15,13,0,0,1,30
Reform Party of Florida,Palm Beach               ,0,1,10,15,68,3,1,4,102
Reform Party of Florida,Pasco                    ,1,1,1,7,42,0,0,0,52
Reform Party of Florida,Pinellas                 ,0,3,5,2,68,1,1,3,83
Reform Party of Florida,Polk                     ,0,0,6,8,25,1,0,1,41
Reform Party of Florida,Putnam                   ,0,0,0,0,3,0,0,0,3
Reform Party of Florida,Santa Rosa               ,0,0,0,0,15,0,0,0,15
Reform Party of Florida,Sarasota                 ,0,0,0,1,16,0,1,2,20
Reform Party of Florida,Seminole                 ,0,0,6,1,21,0,0,2,30
Reform Party of Florida,St. Johns                ,0,0,0,0,20,0,0,0,20
Reform Party of Florida,St. Lucie                ,1,0,6,4,13,1,1,0,26
Reform Party of Florida,Sumter                   ,0,0,1,0,5,0,0,0,6
Reform Party of Florida,Suwannee                 ,0,0,0,1,1,0,0,0,2
Reform Party of Florida,Taylor                   ,0,0,0,0,0,0,0,0,0
Reform Party of Florida,Union                    ,0,0,0,0,0,0,0,0,0
Reform Party of Florida,Volusia                  ,0,0,5,7,37,2,0,0,51
Reform Party of Florida,Wakulla                  ,0,0,0,0,1,0,0,0,1
Reform Party of Florida,Walton                   ,0,0,0,0,6,0,0,0,6
Reform Party of Florida,Washington               ,1,0,1,0,3,0,0,0,5
Reform Party of Florida,Total,10,28,147,268,910,35,10,48,"1,456"
,,,,,,,,,,
No Party Affiliation          ,Alachua                  ,144,"2,973","4,902","4,850","25,890","2,818",402,976,"42,955"
No Party Affiliation          ,Baker                    ,10,24,195,74,"1,831",45,11,73,"2,263"
No Party Affiliation          ,Bay                      ,132,812,"2,185","1,548","21,559",588,165,"1,082","28,071"
No Party Affiliation          ,Bradford                 ,11,28,252,87,"2,240",74,22,63,"2,777"
No Party Affiliation          ,Brevard                  ,411,"3,442","8,267","11,760","91,569","3,268",788,"3,335","122,840"
No Party Affiliation          ,Broward                  ,"1,028","15,281","59,284","112,057","139,588","20,765","3,496","17,820","369,319"
No Party Affiliation          ,Calhoun                  ,11,10,55,26,801,17,12,46,978
No Party Affiliation          ,Charlotte                ,132,633,"1,395","2,106","35,124",749,153,787,"41,079"
No Party Affiliation          ,Citrus                   ,103,500,559,"1,332","25,138",664,98,440,"28,834"
No Party Affiliation          ,Clay                     ,131,"1,686","4,565","4,086","24,612",999,322,"1,403","37,804"
No Party Affiliation          ,Collier                  ,123,"1,099","2,530","11,352","45,523","1,235",204,"1,387","63,453"
No Party Affiliation          ,Columbia                 ,53,150,746,475,"5,988",116,43,195,"7,766"
No Party Affiliation          ,DeSoto                   ,6,40,265,995,"3,072",55,14,65,"4,512"
No Party Affiliation          ,Dixie                    ,10,4,63,41,"1,544",31,8,42,"1,743"
No Party Affiliation          ,Duval                    ,584,"9,026","30,653","14,799","81,725","4,945","1,440","8,202","151,374"
No Party Affiliation          ,Escambia                 ,364,"2,024","6,840","2,071","33,827","1,166",368,"2,191","48,851"
No Party Affiliation          ,Flagler                  ,57,643,"1,614","2,049","18,473",649,115,757,"24,357"
No Party Affiliation          ,Franklin                 ,4,6,33,12,"1,143",10,6,25,"1,239"
No Party Affiliation          ,Gadsden                  ,21,29,973,313,"1,607",73,35,205,"3,256"
No Party Affiliation          ,Gilchrist                ,7,9,37,89,"1,628",28,5,27,"1,830"
No Party Affiliation          ,Glades                   ,66,6,46,232,919,12,6,25,"1,312"
No Party Affiliation          ,Gulf                     ,5,11,89,21,"1,319",24,6,39,"1,514"
No Party Affiliation          ,Hamilton                 ,3,5,215,82,774,12,5,21,"1,117"
No Party Affiliation          ,Hardee                   ,12,49,168,"1,051","1,440",49,19,108,"2,896"
No Party Affiliation          ,Hendry                   ,74,43,300,"1,915","1,473",81,25,101,"4,012"
No Party Affiliation          ,Hernando                 ,161,592,"1,466","5,207","29,489",719,221,"1,306","39,161"
No Party Affiliation          ,Highlands                ,62,378,"1,087","3,617","10,969",240,67,380,"16,800"
No Party Affiliation          ,Hillsborough             ,770,"13,575","32,613","67,993","135,547","7,449","2,241","14,702","274,890"
No Party Affiliation          ,Holmes                   ,7,14,39,18,"1,364",16,6,31,"1,495"
No Party Affiliation          ,Indian River             ,68,395,"1,307","2,512","22,727",572,88,770,"28,439"
No Party Affiliation          ,Jackson                  ,23,38,488,99,"2,510",62,49,114,"3,383"
No Party Affiliation          ,Jefferson                ,5,8,159,30,914,15,3,36,"1,170"
No Party Affiliation          ,Lafayette                ,1,2,10,33,277,4,6,6,339
No Party Affiliation          ,Lake                     ,275,"1,915","5,409","12,829","49,074","1,997",469,"2,198","74,166"
No Party Affiliation          ,Lee                      ,350,"2,957","8,133","25,410","108,620","2,454",707,"5,233","153,864"
No Party Affiliation          ,Leon                     ,134,"1,593","8,698","2,686","23,243","1,134",472,"3,016","40,976"
No Party Affiliation          ,Levy                     ,23,42,278,499,"4,640",139,19,114,"5,754"
No Party Affiliation          ,Liberty                  ,8,2,42,19,377,6,2,12,468
No Party Affiliation          ,Madison                  ,7,8,260,71,"1,036",29,8,89,"1,508"
No Party Affiliation          ,Manatee                  ,227,"2,118","3,267","8,059","53,604","1,488",422,"2,685","71,870"
No Party Affiliation          ,Marion                   ,244,"1,170","4,319","9,580","43,195","1,197",353,"1,586","61,644"
No Party Affiliation          ,Martin                   ,53,440,797,"2,414","23,630",478,100,737,"28,649"
No Party Affiliation          ,Miami-Dade               ,720,"8,278","41,048","312,872","79,178","7,917","2,731","37,790","490,534"
No Party Affiliation          ,Monroe                   ,66,170,404,"1,947","10,516",175,87,466,"13,831"
No Party Affiliation          ,Nassau                   ,48,269,719,642,"13,290",291,56,434,"15,749"
No Party Affiliation          ,Okaloosa                 ,159,"1,386","3,046","2,492","24,456","1,064",367,"1,329","34,299"
No Party Affiliation          ,Okeechobee               ,35,50,192,959,"3,106",79,35,163,"4,619"
No Party Affiliation          ,Orange                   ,718,"15,786","33,650","91,649","103,994","9,270","2,366","18,640","276,073"
No Party Affiliation          ,Osceola                  ,216,"2,627","6,388","53,668","24,543","2,738",787,"2,969","93,936"
No Party Affiliation          ,Palm Beach               ,760,"9,462","29,802","49,667","173,912","7,237","1,842","19,328","292,010"
No Party Affiliation          ,Pasco                    ,470,"4,366","6,368","18,376","83,692","3,116",646,"3,812","120,846"
No Party Affiliation          ,Pinellas                 ,624,"8,064","11,760","14,874","148,371","5,376","1,135","6,871","197,075"
No Party Affiliation          ,Polk                     ,367,"2,788","11,986","40,678","65,526","2,390",721,"6,541","130,997"
No Party Affiliation          ,Putnam                   ,49,95,890,860,"7,677",117,48,335,"10,071"
No Party Affiliation          ,Santa Rosa               ,155,924,"1,584","1,415","25,742",817,167,857,"31,661"
No Party Affiliation          ,Sarasota                 ,278,"1,959","2,389","5,565","74,166","1,224",361,"5,513","91,455"
No Party Affiliation          ,Seminole                 ,305,"5,148","8,903","22,596","54,538","3,806","1,027","7,174","103,497"
No Party Affiliation          ,St. Johns                ,127,"2,344","2,060","3,445","40,146","1,178",238,"1,259","50,797"
No Party Affiliation          ,St. Lucie                ,164,"1,294","8,563","11,521","39,589","1,620",492,"2,061","65,304"
No Party Affiliation          ,Sumter                   ,71,393,545,934,"20,989",246,82,"1,004","24,264"
No Party Affiliation          ,Suwannee                 ,17,40,231,391,"3,900",72,21,122,"4,794"
No Party Affiliation          ,Taylor                   ,11,11,136,27,"1,218",22,8,41,"1,474"
No Party Affiliation          ,Union                    ,8,5,53,34,631,9,6,28,774
No Party Affiliation          ,Volusia                  ,380,"2,195","7,469","16,989","84,288","2,850",664,"4,100","118,935"
No Party Affiliation          ,Wakulla                  ,21,37,275,103,"3,840",53,19,114,"4,462"
No Party Affiliation          ,Walton                   ,42,206,368,517,"10,567",192,42,367,"12,301"
No Party Affiliation          ,Washington               ,22,30,178,75,"2,067",47,23,57,"2,499"
No Party Affiliation          ,Total,"11,753","131,707","373,610","966,795","2,179,965","108,378","26,972","193,805","3,992,985"